﻿<?xml version="1.0" encoding="UTF-8" standalone="yes"?>
<addon id="plugin.video.xorion"
       name="XorioN - WeTek"
       version="2.0.8"
       provider-name="XorioN">
  <requires>
    <import addon="xbmc.python" version="2.1.0"/>
	<import addon="script.module.urlresolver" version="3.0.21"/>
	
	  </requires>
  <extension point="xbmc.python.pluginsource" provides="video" library="xorion.py">
        <provides>video</provides>
  </extension>
  <extension point="xbmc.addon.metadata">
    <summary>XorioN - WeTek</summary>
    <description>WeTek icin hazirlanmistir.</description>
	
    <platform>all</platform>
  </extension>
</addon>
