<?xml version="1.0" encoding="UTF-8"?>
    <addon id="repository.XorioN" name="Wetek XorioN Addons" version="1.1.1" provider-name="XorioN">
        <requires>
            <import addon="xbmc.addon" version="12.0.0"/>
			
        </requires>
        <extension point="xbmc.addon.repository" name="Wetek XorioN Addons">
            <info compressed="false">https://github.com/xorion2/xorion/raw/master/addons/addons.xml</info>
            <checksum>https://github.com/xorion2/xorion/raw/master/addons/addons.xml.md5</checksum>
            <datadir zip="true">https://github.com/xorion2/xorion/raw/master/addons/</datadir>
            <hashes>false</hashes>
        </extension>
        <extension point="xbmc.addon.metadata">
            <summary>WeTek Kodi Eklentileri</summary>
            <description>Kodi icin bircok eklentiyi bir arada bulabilirsiniz.</description>
            <platform>all</platform>
    </extension>
</addon>