<?xml version="1.0" encoding="UTF-8"?>
    <addon id="repository.XorioN" name="[COLOR orange]Wetek Repo - XorioN[/COLOR]" version="1.0.4" provider-name="XorioN">
        <requires>
            <import addon="xbmc.addon" version="12.0.0"/>
			
        </requires>
        <extension point="xbmc.addon.repository" name="Wetek XorioN Addons">
            <info compressed="false">https://github.com/xorion2/xorion/raw/master/addons/addons.xml</info>
            <checksum>https://github.com/xorion2/xorion/raw/master/addons/addons.xml.md5</checksum>
            <datadir zip="true">https://github.com/xorion2/xorion/raw/master/addons/</datadir>
            <hashes>false</hashes>
        </extension>
        <extension point="xbmc.addon.metadata">
            <summary>WeTek Kodi Eklentileri</summary>
            <description>Kodi icin bircok eklentiyi bir arada bulabilirsiniz. Daha fazla bilgi icin [COLOR blue]http://www.mach1digital.com/mach1forum/index.php[/COLOR] ziyaret ediniz.</description>
            <platform>all</platform>
			<assets>
    <icon>icon.png</icon>
    <fanart>Fanart.jpg</fanart>
       
  </assets>
    </extension>
</addon>